sf_tracker,sf_id,sf_created,sf_status,gh_issue_number,gh_url
bugs,1,2002-03-06 02:22:51,closed-accepted,28,https://github.com/dbunit/dbunit-extension/issues/28
bugs,2,2002-03-06 02:25:01,closed-duplicate,29,https://github.com/dbunit/dbunit-extension/issues/29
bugs,3,2002-03-17 16:24:54,closed-fixed,30,https://github.com/dbunit/dbunit-extension/issues/30
bugs,4,2002-03-21 21:36:45,closed,31,https://github.com/dbunit/dbunit-extension/issues/31
bugs,5,2002-03-22 11:18:40,closed-fixed,32,https://github.com/dbunit/dbunit-extension/issues/32
bugs,6,2002-03-22 11:24:18,closed-fixed,33,https://github.com/dbunit/dbunit-extension/issues/33
bugs,7,2002-03-25 17:11:51,closed-fixed,34,https://github.com/dbunit/dbunit-extension/issues/34
bugs,8,2002-03-25 19:00:53,closed-fixed,35,https://github.com/dbunit/dbunit-extension/issues/35
bugs,9,2002-04-04 04:44:42,closed-fixed,36,https://github.com/dbunit/dbunit-extension/issues/36
feature-requests,1,2002-04-10 15:54:13,closed-fixed,37,https://github.com/dbunit/dbunit-extension/issues/37
feature-requests,2,2002-04-11 11:40:21,closed-fixed,38,https://github.com/dbunit/dbunit-extension/issues/38
bugs,10,2002-04-17 15:37:34,closed-fixed,39,https://github.com/dbunit/dbunit-extension/issues/39
feature-requests,3,2002-04-17 15:44:29,closed-fixed,40,https://github.com/dbunit/dbunit-extension/issues/40
bugs,11,2002-04-22 18:17:23,closed-fixed,41,https://github.com/dbunit/dbunit-extension/issues/41
bugs,12,2002-05-01 11:54:54,closed-rejected,42,https://github.com/dbunit/dbunit-extension/issues/42
feature-requests,4,2002-05-03 16:44:12,closed-fixed,43,https://github.com/dbunit/dbunit-extension/issues/43
feature-requests,5,2002-05-09 20:26:54,closed-fixed,44,https://github.com/dbunit/dbunit-extension/issues/44
bugs,13,2002-05-13 14:23:48,closed-fixed,45,https://github.com/dbunit/dbunit-extension/issues/45
feature-requests,6,2002-05-14 13:40:06,closed,46,https://github.com/dbunit/dbunit-extension/issues/46
bugs,14,2002-05-23 15:49:20,closed-fixed,47,https://github.com/dbunit/dbunit-extension/issues/47
bugs,15,2002-05-24 20:02:56,closed-fixed,48,https://github.com/dbunit/dbunit-extension/issues/48
bugs,16,2002-05-27 19:03:07,closed,49,https://github.com/dbunit/dbunit-extension/issues/49
bugs,17,2002-05-30 19:56:30,closed-fixed,50,https://github.com/dbunit/dbunit-extension/issues/50
feature-requests,7,2002-06-03 20:06:49,pending,51,https://github.com/dbunit/dbunit-extension/issues/51
bugs,18,2002-07-15 16:37:34,closed,52,https://github.com/dbunit/dbunit-extension/issues/52
bugs,19,2002-07-31 15:47:36,closed-duplicate,53,https://github.com/dbunit/dbunit-extension/issues/53
feature-requests,8,2002-07-31 16:21:52,closed-out-of-date,54,https://github.com/dbunit/dbunit-extension/issues/54
bugs,20,2002-08-01 15:50:19,closed-fixed,55,https://github.com/dbunit/dbunit-extension/issues/55
feature-requests,9,2002-08-02 16:29:03,closed-accepted,56,https://github.com/dbunit/dbunit-extension/issues/56
bugs,21,2002-08-29 23:55:58,closed,57,https://github.com/dbunit/dbunit-extension/issues/57
feature-requests,10,2002-08-30 00:46:09,closed,58,https://github.com/dbunit/dbunit-extension/issues/58
bugs,22,2002-09-27 19:15:27,closed-fixed,59,https://github.com/dbunit/dbunit-extension/issues/59
bugs,23,2002-10-24 00:44:00,closed,60,https://github.com/dbunit/dbunit-extension/issues/60
feature-requests,11,2002-10-30 10:12:56,closed,61,https://github.com/dbunit/dbunit-extension/issues/61
bugs,24,2002-11-07 10:02:02,closed-fixed,62,https://github.com/dbunit/dbunit-extension/issues/62
bugs,25,2002-11-29 13:34:53,closed,63,https://github.com/dbunit/dbunit-extension/issues/63
bugs,26,2002-12-24 02:22:21,closed,64,https://github.com/dbunit/dbunit-extension/issues/64
feature-requests,12,2002-12-26 08:30:14,closed,65,https://github.com/dbunit/dbunit-extension/issues/65
bugs,27,2002-12-26 23:43:38,closed-out-of-date,66,https://github.com/dbunit/dbunit-extension/issues/66
bugs,28,2003-01-29 15:07:19,closed,67,https://github.com/dbunit/dbunit-extension/issues/67
feature-requests,13,2003-01-30 10:55:17,closed-fixed,68,https://github.com/dbunit/dbunit-extension/issues/68
bugs,29,2003-02-07 09:57:14,closed,69,https://github.com/dbunit/dbunit-extension/issues/69
feature-requests,14,2003-02-11 14:47:47,closed-accepted,70,https://github.com/dbunit/dbunit-extension/issues/70
bugs,30,2003-03-30 20:56:02,closed-accepted,71,https://github.com/dbunit/dbunit-extension/issues/71
feature-requests,15,2003-04-23 17:00:36,closed,72,https://github.com/dbunit/dbunit-extension/issues/72
bugs,31,2003-05-04 00:14:07,closed-invalid,73,https://github.com/dbunit/dbunit-extension/issues/73
bugs,32,2003-05-09 08:40:58,closed-fixed,74,https://github.com/dbunit/dbunit-extension/issues/74
bugs,33,2003-05-12 13:56:51,closed-fixed,75,https://github.com/dbunit/dbunit-extension/issues/75
bugs,34,2003-05-13 10:55:19,closed-fixed,76,https://github.com/dbunit/dbunit-extension/issues/76
feature-requests,16,2003-05-21 21:52:41,closed,77,https://github.com/dbunit/dbunit-extension/issues/77
bugs,35,2003-06-17 01:26:25,closed-fixed,78,https://github.com/dbunit/dbunit-extension/issues/78
feature-requests,17,2003-07-01 07:30:37,closed-rejected,79,https://github.com/dbunit/dbunit-extension/issues/79
feature-requests,18,2003-07-02 08:00:17,closed-wont-fix,80,https://github.com/dbunit/dbunit-extension/issues/80
bugs,36,2003-07-09 16:26:39,closed-fixed,81,https://github.com/dbunit/dbunit-extension/issues/81
bugs,37,2003-08-11 10:29:34,closed,82,https://github.com/dbunit/dbunit-extension/issues/82
bugs,38,2003-08-13 08:33:19,closed-out-of-date,83,https://github.com/dbunit/dbunit-extension/issues/83
bugs,39,2003-08-15 13:39:51,closed-fixed,84,https://github.com/dbunit/dbunit-extension/issues/84
bugs,40,2003-09-08 11:23:20,closed-fixed,85,https://github.com/dbunit/dbunit-extension/issues/85
bugs,41,2003-09-22 18:50:52,closed,86,https://github.com/dbunit/dbunit-extension/issues/86
bugs,42,2003-10-15 19:12:21,closed-accepted,87,https://github.com/dbunit/dbunit-extension/issues/87
feature-requests,19,2003-10-15 19:31:11,closed,88,https://github.com/dbunit/dbunit-extension/issues/88
feature-requests,20,2003-10-15 19:32:30,closed-invalid,89,https://github.com/dbunit/dbunit-extension/issues/89
bugs,43,2003-10-23 17:07:40,closed,90,https://github.com/dbunit/dbunit-extension/issues/90
bugs,44,2003-12-10 20:32:28,closed-fixed,91,https://github.com/dbunit/dbunit-extension/issues/91
feature-requests,21,2004-01-13 20:03:26,closed-rejected,92,https://github.com/dbunit/dbunit-extension/issues/92
bugs,45,2004-01-25 22:23:39,closed,93,https://github.com/dbunit/dbunit-extension/issues/93
bugs,46,2004-02-27 20:32:03,closed-fixed,94,https://github.com/dbunit/dbunit-extension/issues/94
bugs,47,2004-03-18 09:47:02,closed-fixed,95,https://github.com/dbunit/dbunit-extension/issues/95
bugs,48,2004-03-23 17:18:18,closed-fixed,96,https://github.com/dbunit/dbunit-extension/issues/96
bugs,49,2004-03-29 20:15:36,closed-fixed,97,https://github.com/dbunit/dbunit-extension/issues/97
feature-requests,22,2004-03-31 13:41:56,closed-wont-fix,98,https://github.com/dbunit/dbunit-extension/issues/98
bugs,50,2004-04-19 08:39:20,closed-fixed,99,https://github.com/dbunit/dbunit-extension/issues/99
bugs,51,2004-04-21 16:22:09,closed-fixed,100,https://github.com/dbunit/dbunit-extension/issues/100
bugs,52,2004-05-03 22:49:31,closed-fixed,101,https://github.com/dbunit/dbunit-extension/issues/101
bugs,53,2004-05-04 16:17:44,closed,102,https://github.com/dbunit/dbunit-extension/issues/102
bugs,54,2004-05-04 18:47:23,closed-fixed,103,https://github.com/dbunit/dbunit-extension/issues/103
feature-requests,23,2004-05-05 00:41:44,closed,104,https://github.com/dbunit/dbunit-extension/issues/104
bugs,55,2004-05-05 13:39:40,closed-fixed,105,https://github.com/dbunit/dbunit-extension/issues/105
bugs,56,2004-05-05 13:46:34,closed-fixed,106,https://github.com/dbunit/dbunit-extension/issues/106
bugs,57,2004-05-14 12:20:36,closed-accepted,107,https://github.com/dbunit/dbunit-extension/issues/107
bugs,58,2004-05-17 17:05:33,open-fixed,108,https://github.com/dbunit/dbunit-extension/issues/108
bugs,59,2004-05-24 01:17:15,closed,109,https://github.com/dbunit/dbunit-extension/issues/109
bugs,60,2004-06-02 14:28:41,closed,110,https://github.com/dbunit/dbunit-extension/issues/110
bugs,61,2004-06-02 14:40:14,closed-duplicate,111,https://github.com/dbunit/dbunit-extension/issues/111
feature-requests,24,2004-06-11 21:04:40,closed-duplicate,112,https://github.com/dbunit/dbunit-extension/issues/112
bugs,62,2004-06-14 16:04:15,closed,113,https://github.com/dbunit/dbunit-extension/issues/113
bugs,63,2004-06-16 08:13:57,closed-duplicate,114,https://github.com/dbunit/dbunit-extension/issues/114
bugs,64,2004-06-21 14:58:40,closed,115,https://github.com/dbunit/dbunit-extension/issues/115
bugs,65,2004-06-25 12:34:02,closed-fixed,116,https://github.com/dbunit/dbunit-extension/issues/116
feature-requests,25,2004-06-25 14:27:23,open,117,https://github.com/dbunit/dbunit-extension/issues/117
bugs,66,2004-07-07 18:41:17,closed,118,https://github.com/dbunit/dbunit-extension/issues/118
feature-requests,26,2004-07-15 03:14:20,closed,119,https://github.com/dbunit/dbunit-extension/issues/119
feature-requests,27,2004-07-19 06:04:35,closed-duplicate,120,https://github.com/dbunit/dbunit-extension/issues/120
bugs,67,2004-07-26 13:30:21,closed-duplicate,121,https://github.com/dbunit/dbunit-extension/issues/121
bugs,68,2004-07-27 16:44:01,closed-fixed,122,https://github.com/dbunit/dbunit-extension/issues/122
bugs,69,2004-07-29 09:37:41,closed-fixed,123,https://github.com/dbunit/dbunit-extension/issues/123
feature-requests,28,2004-08-26 12:41:00,closed,124,https://github.com/dbunit/dbunit-extension/issues/124
bugs,70,2004-08-26 12:48:33,closed-invalid,125,https://github.com/dbunit/dbunit-extension/issues/125
bugs,71,2004-09-01 11:55:23,closed-fixed,126,https://github.com/dbunit/dbunit-extension/issues/126
feature-requests,29,2004-09-01 12:48:14,open,127,https://github.com/dbunit/dbunit-extension/issues/127
bugs,72,2004-09-01 18:03:53,closed-fixed,128,https://github.com/dbunit/dbunit-extension/issues/128
bugs,73,2004-09-21 13:05:41,closed-fixed,129,https://github.com/dbunit/dbunit-extension/issues/129
bugs,74,2004-09-22 20:57:29,closed-duplicate,130,https://github.com/dbunit/dbunit-extension/issues/130
bugs,75,2004-09-29 14:47:32,closed,131,https://github.com/dbunit/dbunit-extension/issues/131
bugs,76,2004-10-08 16:25:20,closed,132,https://github.com/dbunit/dbunit-extension/issues/132
bugs,77,2004-10-21 12:04:47,closed,133,https://github.com/dbunit/dbunit-extension/issues/133
feature-requests,30,2004-10-22 00:08:36,open,134,https://github.com/dbunit/dbunit-extension/issues/134
feature-requests,31,2004-10-22 01:03:16,open,135,https://github.com/dbunit/dbunit-extension/issues/135
feature-requests,32,2004-10-25 04:53:47,closed,136,https://github.com/dbunit/dbunit-extension/issues/136
bugs,78,2004-10-25 12:36:54,closed-fixed,137,https://github.com/dbunit/dbunit-extension/issues/137
bugs,79,2004-11-09 14:39:49,closed-fixed,138,https://github.com/dbunit/dbunit-extension/issues/138
feature-requests,33,2004-12-02 14:18:19,open,139,https://github.com/dbunit/dbunit-extension/issues/139
feature-requests,34,2004-12-03 14:11:13,open,140,https://github.com/dbunit/dbunit-extension/issues/140
bugs,80,2004-12-17 12:59:58,closed-invalid,141,https://github.com/dbunit/dbunit-extension/issues/141
bugs,81,2005-01-06 20:41:11,closed-fixed,142,https://github.com/dbunit/dbunit-extension/issues/142
feature-requests,35,2005-01-25 10:12:55,closed-fixed,143,https://github.com/dbunit/dbunit-extension/issues/143
bugs,82,2005-02-02 05:58:22,closed-fixed,144,https://github.com/dbunit/dbunit-extension/issues/144
bugs,83,2005-02-02 06:12:28,closed-fixed,145,https://github.com/dbunit/dbunit-extension/issues/145
bugs,84,2005-02-03 23:48:42,closed-invalid,146,https://github.com/dbunit/dbunit-extension/issues/146
bugs,85,2005-02-19 09:46:32,closed-fixed,147,https://github.com/dbunit/dbunit-extension/issues/147
bugs,86,2005-03-09 01:29:24,closed-fixed,148,https://github.com/dbunit/dbunit-extension/issues/148
bugs,87,2005-04-04 13:51:10,closed-fixed,149,https://github.com/dbunit/dbunit-extension/issues/149
feature-requests,36,2005-04-11 14:04:51,closed-fixed,150,https://github.com/dbunit/dbunit-extension/issues/150
bugs,88,2005-04-13 15:08:23,closed,151,https://github.com/dbunit/dbunit-extension/issues/151
bugs,89,2005-05-04 02:29:55,closed-fixed,152,https://github.com/dbunit/dbunit-extension/issues/152
feature-requests,37,2005-05-06 03:56:19,closed-fixed,153,https://github.com/dbunit/dbunit-extension/issues/153
bugs,90,2005-06-03 12:53:47,closed-fixed,154,https://github.com/dbunit/dbunit-extension/issues/154
bugs,91,2005-06-03 13:23:51,open,155,https://github.com/dbunit/dbunit-extension/issues/155
bugs,92,2005-06-03 21:14:41,closed-accepted,156,https://github.com/dbunit/dbunit-extension/issues/156
bugs,93,2005-06-06 08:22:26,closed,157,https://github.com/dbunit/dbunit-extension/issues/157
feature-requests,38,2005-06-15 14:23:28,open,158,https://github.com/dbunit/dbunit-extension/issues/158
bugs,94,2005-06-21 07:00:18,closed-fixed,159,https://github.com/dbunit/dbunit-extension/issues/159
feature-requests,39,2005-06-23 09:47:14,open,160,https://github.com/dbunit/dbunit-extension/issues/160
bugs,95,2005-06-24 15:35:02,closed,161,https://github.com/dbunit/dbunit-extension/issues/161
bugs,96,2005-07-12 09:43:52,closed-fixed,162,https://github.com/dbunit/dbunit-extension/issues/162
bugs,97,2005-07-21 00:07:15,closed,163,https://github.com/dbunit/dbunit-extension/issues/163
feature-requests,40,2005-07-27 02:04:51,open,164,https://github.com/dbunit/dbunit-extension/issues/164
feature-requests,41,2005-08-19 18:11:07,closed,165,https://github.com/dbunit/dbunit-extension/issues/165
feature-requests,42,2005-08-26 11:23:09,closed,166,https://github.com/dbunit/dbunit-extension/issues/166
feature-requests,43,2005-08-31 01:43:21,closed-fixed,167,https://github.com/dbunit/dbunit-extension/issues/167
bugs,98,2005-09-09 14:39:36,closed,168,https://github.com/dbunit/dbunit-extension/issues/168
bugs,99,2005-09-12 12:09:38,closed,169,https://github.com/dbunit/dbunit-extension/issues/169
feature-requests,44,2005-09-15 10:29:01,open,170,https://github.com/dbunit/dbunit-extension/issues/170
feature-requests,45,2005-09-15 10:32:32,open,171,https://github.com/dbunit/dbunit-extension/issues/171
feature-requests,46,2005-09-19 07:16:58,closed-fixed,172,https://github.com/dbunit/dbunit-extension/issues/172
bugs,100,2005-09-26 10:57:10,closed,173,https://github.com/dbunit/dbunit-extension/issues/173
bugs,101,2005-10-07 09:11:44,closed,174,https://github.com/dbunit/dbunit-extension/issues/174
bugs,102,2005-10-17 20:24:34,closed,175,https://github.com/dbunit/dbunit-extension/issues/175
bugs,103,2005-10-27 16:19:23,closed-fixed,176,https://github.com/dbunit/dbunit-extension/issues/176
bugs,104,2005-11-01 07:34:39,closed-rejected,177,https://github.com/dbunit/dbunit-extension/issues/177
bugs,105,2005-11-01 07:56:30,closed-fixed,178,https://github.com/dbunit/dbunit-extension/issues/178
bugs,106,2005-11-10 06:30:02,closed-invalid,179,https://github.com/dbunit/dbunit-extension/issues/179
feature-requests,47,2005-11-16 14:17:06,closed-accepted,180,https://github.com/dbunit/dbunit-extension/issues/180
feature-requests,48,2005-12-02 13:53:51,open,181,https://github.com/dbunit/dbunit-extension/issues/181
feature-requests,49,2005-12-02 16:02:27,closed-fixed,182,https://github.com/dbunit/dbunit-extension/issues/182
bugs,107,2005-12-08 02:17:14,closed,183,https://github.com/dbunit/dbunit-extension/issues/183
bugs,108,2005-12-19 16:16:27,closed-rejected,184,https://github.com/dbunit/dbunit-extension/issues/184
feature-requests,50,2005-12-29 23:48:58,open,185,https://github.com/dbunit/dbunit-extension/issues/185
bugs,109,2006-01-05 10:31:50,closed,186,https://github.com/dbunit/dbunit-extension/issues/186
bugs,110,2006-01-12 20:23:08,closed-duplicate,187,https://github.com/dbunit/dbunit-extension/issues/187
bugs,111,2006-02-01 16:03:52,closed-wont-fix,188,https://github.com/dbunit/dbunit-extension/issues/188
bugs,112,2006-02-06 10:03:51,closed-rejected,189,https://github.com/dbunit/dbunit-extension/issues/189
bugs,113,2006-02-15 16:55:19,closed-fixed,190,https://github.com/dbunit/dbunit-extension/issues/190
feature-requests,51,2006-03-07 13:23:29,closed-accepted,191,https://github.com/dbunit/dbunit-extension/issues/191
bugs,114,2006-03-13 15:54:01,closed-accepted,192,https://github.com/dbunit/dbunit-extension/issues/192
feature-requests,52,2006-03-17 14:23:14,closed-fixed,193,https://github.com/dbunit/dbunit-extension/issues/193
bugs,115,2006-03-27 10:47:14,closed,194,https://github.com/dbunit/dbunit-extension/issues/194
feature-requests,53,2006-04-05 14:23:44,closed-fixed,195,https://github.com/dbunit/dbunit-extension/issues/195
feature-requests,54,2006-04-20 18:03:01,closed-fixed,196,https://github.com/dbunit/dbunit-extension/issues/196
bugs,116,2006-04-24 14:38:19,closed,197,https://github.com/dbunit/dbunit-extension/issues/197
feature-requests,55,2006-05-06 13:00:22,closed-fixed,198,https://github.com/dbunit/dbunit-extension/issues/198
feature-requests,56,2006-05-11 15:46:19,open,199,https://github.com/dbunit/dbunit-extension/issues/199
feature-requests,57,2006-05-24 12:31:42,closed-fixed,200,https://github.com/dbunit/dbunit-extension/issues/200
bugs,117,2006-05-30 08:06:35,closed-fixed,201,https://github.com/dbunit/dbunit-extension/issues/201
bugs,118,2006-06-02 14:56:48,closed-accepted,202,https://github.com/dbunit/dbunit-extension/issues/202
bugs,119,2006-06-22 07:07:46,closed-duplicate,203,https://github.com/dbunit/dbunit-extension/issues/203
bugs,120,2006-07-31 17:41:10,closed-fixed,204,https://github.com/dbunit/dbunit-extension/issues/204
bugs,121,2006-07-31 18:47:42,closed,205,https://github.com/dbunit/dbunit-extension/issues/205
bugs,122,2006-08-10 08:27:36,closed-fixed,206,https://github.com/dbunit/dbunit-extension/issues/206
bugs,123,2006-08-21 02:37:52,closed-fixed,207,https://github.com/dbunit/dbunit-extension/issues/207
bugs,124,2006-08-21 14:58:40,closed-invalid,208,https://github.com/dbunit/dbunit-extension/issues/208
feature-requests,58,2006-09-20 00:14:52,open,209,https://github.com/dbunit/dbunit-extension/issues/209
feature-requests,59,2006-10-14 12:02:34,closed-accepted,210,https://github.com/dbunit/dbunit-extension/issues/210
bugs,125,2006-10-17 14:09:49,closed-fixed,211,https://github.com/dbunit/dbunit-extension/issues/211
bugs,126,2006-11-01 06:53:06,closed,212,https://github.com/dbunit/dbunit-extension/issues/212
bugs,127,2006-11-21 15:50:28,closed-invalid,213,https://github.com/dbunit/dbunit-extension/issues/213
bugs,128,2006-12-05 12:15:03,closed,214,https://github.com/dbunit/dbunit-extension/issues/214
feature-requests,60,2006-12-06 20:27:16,open,215,https://github.com/dbunit/dbunit-extension/issues/215
bugs,129,2006-12-06 21:21:45,open,216,https://github.com/dbunit/dbunit-extension/issues/216
feature-requests,61,2006-12-21 03:36:16,open,217,https://github.com/dbunit/dbunit-extension/issues/217
feature-requests,62,2006-12-25 22:44:42,open,218,https://github.com/dbunit/dbunit-extension/issues/218
bugs,130,2007-01-04 19:20:40,closed-fixed,219,https://github.com/dbunit/dbunit-extension/issues/219
feature-requests,63,2007-01-04 20:58:33,open,220,https://github.com/dbunit/dbunit-extension/issues/220
bugs,131,2007-01-05 16:25:32,closed-fixed,221,https://github.com/dbunit/dbunit-extension/issues/221
bugs,132,2007-01-15 19:57:22,closed-fixed,222,https://github.com/dbunit/dbunit-extension/issues/222
bugs,133,2007-01-15 22:17:23,closed,223,https://github.com/dbunit/dbunit-extension/issues/223
bugs,134,2007-01-16 19:52:28,closed-fixed,224,https://github.com/dbunit/dbunit-extension/issues/224
bugs,135,2007-01-16 20:18:38,closed,225,https://github.com/dbunit/dbunit-extension/issues/225
bugs,136,2007-01-16 20:36:54,closed-duplicate,226,https://github.com/dbunit/dbunit-extension/issues/226
bugs,137,2007-01-25 18:03:51,closed-fixed,227,https://github.com/dbunit/dbunit-extension/issues/227
bugs,138,2007-03-12 15:58:47,closed-duplicate,228,https://github.com/dbunit/dbunit-extension/issues/228
feature-requests,64,2007-03-21 19:07:58,closed-accepted,229,https://github.com/dbunit/dbunit-extension/issues/229
bugs,139,2007-03-23 14:02:51,closed,230,https://github.com/dbunit/dbunit-extension/issues/230
bugs,140,2007-03-29 15:21:59,closed-fixed,231,https://github.com/dbunit/dbunit-extension/issues/231
bugs,141,2007-04-30 14:45:14,closed,232,https://github.com/dbunit/dbunit-extension/issues/232
bugs,142,2007-05-01 18:31:12,closed-fixed,233,https://github.com/dbunit/dbunit-extension/issues/233
bugs,143,2007-05-03 16:25:57,closed-accepted,234,https://github.com/dbunit/dbunit-extension/issues/234
bugs,144,2007-05-19 16:21:28,closed-works-for-me,235,https://github.com/dbunit/dbunit-extension/issues/235
bugs,145,2007-05-21 15:01:03,open,236,https://github.com/dbunit/dbunit-extension/issues/236
feature-requests,65,2007-06-11 15:13:01,closed-fixed,237,https://github.com/dbunit/dbunit-extension/issues/237
feature-requests,66,2007-06-12 06:40:23,closed,238,https://github.com/dbunit/dbunit-extension/issues/238
feature-requests,67,2007-06-13 22:06:56,open,239,https://github.com/dbunit/dbunit-extension/issues/239
bugs,146,2007-06-20 17:18:47,closed-remind,240,https://github.com/dbunit/dbunit-extension/issues/240
bugs,147,2007-07-02 10:00:42,closed-fixed,241,https://github.com/dbunit/dbunit-extension/issues/241
bugs,148,2007-07-11 12:09:04,closed,242,https://github.com/dbunit/dbunit-extension/issues/242
bugs,149,2007-07-16 16:02:10,open,243,https://github.com/dbunit/dbunit-extension/issues/243
feature-requests,68,2007-07-23 15:17:04,open,244,https://github.com/dbunit/dbunit-extension/issues/244
feature-requests,69,2007-08-08 20:01:20,open,245,https://github.com/dbunit/dbunit-extension/issues/245
bugs,150,2007-08-13 23:13:19,closed-fixed,246,https://github.com/dbunit/dbunit-extension/issues/246
feature-requests,70,2007-08-15 00:10:25,closed-duplicate,247,https://github.com/dbunit/dbunit-extension/issues/247
bugs,151,2007-09-01 20:40:57,closed,248,https://github.com/dbunit/dbunit-extension/issues/248
bugs,152,2007-09-06 13:35:18,closed-fixed,249,https://github.com/dbunit/dbunit-extension/issues/249
bugs,153,2007-09-10 10:20:54,closed-rejected,250,https://github.com/dbunit/dbunit-extension/issues/250
bugs,154,2007-09-11 14:06:16,closed-duplicate,251,https://github.com/dbunit/dbunit-extension/issues/251
bugs,155,2007-09-11 20:32:15,closed,252,https://github.com/dbunit/dbunit-extension/issues/252
feature-requests,71,2007-09-19 16:04:10,closed-accepted,253,https://github.com/dbunit/dbunit-extension/issues/253
feature-requests,72,2007-09-20 08:33:50,closed-fixed,254,https://github.com/dbunit/dbunit-extension/issues/254
bugs,156,2007-10-02 14:31:59,closed-fixed,255,https://github.com/dbunit/dbunit-extension/issues/255
bugs,157,2007-10-17 06:56:47,closed,256,https://github.com/dbunit/dbunit-extension/issues/256
feature-requests,73,2007-10-22 11:54:46,closed,257,https://github.com/dbunit/dbunit-extension/issues/257
bugs,158,2007-11-30 15:45:21,closed,258,https://github.com/dbunit/dbunit-extension/issues/258
bugs,159,2007-12-12 07:25:29,closed-accepted,259,https://github.com/dbunit/dbunit-extension/issues/259
bugs,160,2007-12-12 09:40:07,closed-accepted,260,https://github.com/dbunit/dbunit-extension/issues/260
bugs,161,2007-12-21 10:54:13,closed-fixed,261,https://github.com/dbunit/dbunit-extension/issues/261
bugs,162,2008-01-02 19:05:30,closed,262,https://github.com/dbunit/dbunit-extension/issues/262
feature-requests,74,2008-02-20 08:43:49,closed,263,https://github.com/dbunit/dbunit-extension/issues/263
bugs,163,2008-02-20 09:00:41,closed-wont-fix,264,https://github.com/dbunit/dbunit-extension/issues/264
bugs,164,2008-02-20 09:12:02,open,265,https://github.com/dbunit/dbunit-extension/issues/265
feature-requests,75,2008-03-19 09:11:02,open,266,https://github.com/dbunit/dbunit-extension/issues/266
bugs,165,2008-03-25 22:49:36,closed-accepted,267,https://github.com/dbunit/dbunit-extension/issues/267
bugs,166,2008-03-25 22:51:46,closed,268,https://github.com/dbunit/dbunit-extension/issues/268
bugs,167,2008-03-26 16:34:38,closed,269,https://github.com/dbunit/dbunit-extension/issues/269
bugs,168,2008-03-27 17:05:52,closed-invalid,270,https://github.com/dbunit/dbunit-extension/issues/270
bugs,169,2008-04-07 21:59:43,closed,271,https://github.com/dbunit/dbunit-extension/issues/271
bugs,170,2008-04-23 18:49:34,closed,272,https://github.com/dbunit/dbunit-extension/issues/272
bugs,171,2008-04-28 03:49:19,closed-accepted,273,https://github.com/dbunit/dbunit-extension/issues/273
bugs,172,2008-05-01 18:22:55,closed-fixed,274,https://github.com/dbunit/dbunit-extension/issues/274
bugs,173,2008-05-02 07:22:28,closed,275,https://github.com/dbunit/dbunit-extension/issues/275
feature-requests,76,2008-05-03 03:31:28,closed-fixed,276,https://github.com/dbunit/dbunit-extension/issues/276
feature-requests,77,2008-05-07 20:25:28,closed-fixed,277,https://github.com/dbunit/dbunit-extension/issues/277
feature-requests,78,2008-05-07 21:48:24,open,278,https://github.com/dbunit/dbunit-extension/issues/278
feature-requests,79,2008-05-09 22:54:51,closed-fixed,279,https://github.com/dbunit/dbunit-extension/issues/279
bugs,174,2008-05-13 12:38:40,closed-fixed,280,https://github.com/dbunit/dbunit-extension/issues/280
bugs,175,2008-05-13 12:42:42,closed-accepted,281,https://github.com/dbunit/dbunit-extension/issues/281
feature-requests,80,2008-05-18 16:49:51,closed-accepted,282,https://github.com/dbunit/dbunit-extension/issues/282
bugs,176,2008-05-20 14:04:36,closed,283,https://github.com/dbunit/dbunit-extension/issues/283
bugs,177,2008-05-21 11:34:09,closed-fixed,284,https://github.com/dbunit/dbunit-extension/issues/284
feature-requests,81,2008-05-22 06:28:11,closed-accepted,285,https://github.com/dbunit/dbunit-extension/issues/285
feature-requests,82,2008-05-24 16:58:15,closed,286,https://github.com/dbunit/dbunit-extension/issues/286
bugs,178,2008-05-27 21:14:44,closed-fixed,287,https://github.com/dbunit/dbunit-extension/issues/287
bugs,179,2008-06-01 19:00:57,closed-fixed,288,https://github.com/dbunit/dbunit-extension/issues/288
bugs,180,2008-06-04 15:16:11,closed-fixed,289,https://github.com/dbunit/dbunit-extension/issues/289
bugs,181,2008-06-05 09:27:14,closed,290,https://github.com/dbunit/dbunit-extension/issues/290
feature-requests,83,2008-06-13 18:21:30,closed-fixed,291,https://github.com/dbunit/dbunit-extension/issues/291
feature-requests,84,2008-06-27 17:43:21,closed-fixed,292,https://github.com/dbunit/dbunit-extension/issues/292
bugs,182,2008-07-01 11:56:49,closed-works-for-me,293,https://github.com/dbunit/dbunit-extension/issues/293
bugs,183,2008-07-03 14:04:03,closed-fixed,294,https://github.com/dbunit/dbunit-extension/issues/294
feature-requests,85,2008-07-04 11:41:54,closed-accepted,295,https://github.com/dbunit/dbunit-extension/issues/295
feature-requests,86,2008-07-04 12:02:36,closed-accepted,296,https://github.com/dbunit/dbunit-extension/issues/296
bugs,184,2008-07-07 07:02:39,closed,297,https://github.com/dbunit/dbunit-extension/issues/297
feature-requests,87,2008-07-07 13:12:24,closed-accepted,298,https://github.com/dbunit/dbunit-extension/issues/298
feature-requests,88,2008-07-07 13:14:17,closed,299,https://github.com/dbunit/dbunit-extension/issues/299
bugs,185,2008-07-08 12:14:12,closed-fixed,300,https://github.com/dbunit/dbunit-extension/issues/300
bugs,186,2008-07-10 03:10:25,closed-duplicate,301,https://github.com/dbunit/dbunit-extension/issues/301
bugs,187,2008-07-10 09:55:08,closed-accepted,302,https://github.com/dbunit/dbunit-extension/issues/302
bugs,188,2008-07-14 03:51:22,closed-fixed,303,https://github.com/dbunit/dbunit-extension/issues/303
bugs,189,2008-07-21 22:20:54,closed-fixed,304,https://github.com/dbunit/dbunit-extension/issues/304
feature-requests,89,2008-07-26 20:21:29,open,305,https://github.com/dbunit/dbunit-extension/issues/305
feature-requests,90,2008-07-27 20:13:05,closed-fixed,306,https://github.com/dbunit/dbunit-extension/issues/306
bugs,190,2008-07-31 16:06:12,closed-duplicate,307,https://github.com/dbunit/dbunit-extension/issues/307
bugs,191,2008-08-05 14:50:10,closed-invalid,308,https://github.com/dbunit/dbunit-extension/issues/308
feature-requests,91,2008-08-07 08:49:59,closed-fixed,309,https://github.com/dbunit/dbunit-extension/issues/309
bugs,192,2008-08-09 20:39:57,closed-fixed,310,https://github.com/dbunit/dbunit-extension/issues/310
feature-requests,92,2008-08-15 18:28:13,closed,311,https://github.com/dbunit/dbunit-extension/issues/311
bugs,193,2008-08-19 01:13:37,closed-duplicate,312,https://github.com/dbunit/dbunit-extension/issues/312
bugs,194,2008-08-19 08:15:16,closed-rejected,313,https://github.com/dbunit/dbunit-extension/issues/313
feature-requests,93,2008-08-28 06:51:56,open,314,https://github.com/dbunit/dbunit-extension/issues/314
bugs,195,2008-08-28 17:17:26,closed-rejected,315,https://github.com/dbunit/dbunit-extension/issues/315
bugs,196,2008-09-02 17:46:00,closed-wont-fix,316,https://github.com/dbunit/dbunit-extension/issues/316
feature-requests,94,2008-09-11 03:18:03,open,317,https://github.com/dbunit/dbunit-extension/issues/317
bugs,197,2008-09-19 18:13:44,closed-fixed,318,https://github.com/dbunit/dbunit-extension/issues/318
feature-requests,95,2008-09-22 05:00:40,closed,319,https://github.com/dbunit/dbunit-extension/issues/319
bugs,198,2008-09-22 12:29:09,closed-fixed,320,https://github.com/dbunit/dbunit-extension/issues/320
bugs,199,2008-09-22 18:38:25,closed-invalid,321,https://github.com/dbunit/dbunit-extension/issues/321
feature-requests,96,2008-09-24 11:57:00,open,322,https://github.com/dbunit/dbunit-extension/issues/322
feature-requests,97,2008-09-27 12:22:37,closed-fixed,323,https://github.com/dbunit/dbunit-extension/issues/323
feature-requests,98,2008-10-05 17:17:32,closed-fixed,324,https://github.com/dbunit/dbunit-extension/issues/324
feature-requests,99,2008-10-05 17:36:36,closed-fixed,325,https://github.com/dbunit/dbunit-extension/issues/325
bugs,200,2008-10-13 15:41:20,closed-fixed,326,https://github.com/dbunit/dbunit-extension/issues/326
bugs,201,2008-10-13 15:45:16,closed-fixed,327,https://github.com/dbunit/dbunit-extension/issues/327
bugs,202,2008-10-14 15:12:08,closed-fixed,328,https://github.com/dbunit/dbunit-extension/issues/328
bugs,203,2008-10-17 15:43:24,closed-fixed,329,https://github.com/dbunit/dbunit-extension/issues/329
bugs,204,2008-10-22 05:22:51,closed,330,https://github.com/dbunit/dbunit-extension/issues/330
bugs,205,2008-10-26 21:54:51,closed,331,https://github.com/dbunit/dbunit-extension/issues/331
feature-requests,100,2008-10-31 18:20:23,closed-fixed,332,https://github.com/dbunit/dbunit-extension/issues/332
feature-requests,102,2008-11-06 15:39:57,open,333,https://github.com/dbunit/dbunit-extension/issues/333
feature-requests,103,2008-11-06 15:59:34,closed-fixed,334,https://github.com/dbunit/dbunit-extension/issues/334
bugs,206,2008-11-07 17:34:16,open,335,https://github.com/dbunit/dbunit-extension/issues/335
feature-requests,104,2008-11-07 18:54:38,closed-fixed,336,https://github.com/dbunit/dbunit-extension/issues/336
feature-requests,105,2008-11-08 13:39:02,closed-fixed,337,https://github.com/dbunit/dbunit-extension/issues/337
bugs,207,2008-11-11 17:13:04,closed-fixed,338,https://github.com/dbunit/dbunit-extension/issues/338
feature-requests,106,2008-11-13 14:46:30,closed-rejected,339,https://github.com/dbunit/dbunit-extension/issues/339
feature-requests,107,2008-11-18 19:32:18,open,340,https://github.com/dbunit/dbunit-extension/issues/340
feature-requests,108,2008-11-18 22:54:22,closed,341,https://github.com/dbunit/dbunit-extension/issues/341
bugs,208,2008-11-26 13:51:26,closed-duplicate,342,https://github.com/dbunit/dbunit-extension/issues/342
bugs,209,2008-11-28 15:10:36,closed-fixed,343,https://github.com/dbunit/dbunit-extension/issues/343
bugs,210,2008-11-28 21:02:48,closed-fixed,344,https://github.com/dbunit/dbunit-extension/issues/344
bugs,211,2008-12-01 13:00:56,closed-fixed,345,https://github.com/dbunit/dbunit-extension/issues/345
bugs,212,2008-12-03 14:04:28,closed-fixed,346,https://github.com/dbunit/dbunit-extension/issues/346
feature-requests,109,2008-12-04 20:15:12,closed-fixed,347,https://github.com/dbunit/dbunit-extension/issues/347
bugs,213,2008-12-05 05:48:53,closed-fixed,348,https://github.com/dbunit/dbunit-extension/issues/348
bugs,214,2008-12-05 14:30:51,closed-fixed,349,https://github.com/dbunit/dbunit-extension/issues/349
feature-requests,110,2008-12-06 17:12:58,open,350,https://github.com/dbunit/dbunit-extension/issues/350
feature-requests,111,2008-12-07 00:56:59,closed-fixed,351,https://github.com/dbunit/dbunit-extension/issues/351
feature-requests,112,2008-12-08 18:09:56,closed-fixed,352,https://github.com/dbunit/dbunit-extension/issues/352
bugs,215,2008-12-10 03:04:51,closed-works-for-me,353,https://github.com/dbunit/dbunit-extension/issues/353
bugs,216,2008-12-17 11:04:23,closed-fixed,354,https://github.com/dbunit/dbunit-extension/issues/354
bugs,217,2008-12-19 10:20:21,closed-duplicate,355,https://github.com/dbunit/dbunit-extension/issues/355
bugs,218,2008-12-19 10:25:13,closed-invalid,356,https://github.com/dbunit/dbunit-extension/issues/356
bugs,219,2008-12-29 17:55:47,closed-fixed,357,https://github.com/dbunit/dbunit-extension/issues/357
feature-requests,113,2008-12-29 20:02:47,open,358,https://github.com/dbunit/dbunit-extension/issues/358
bugs,220,2009-01-05 01:25:27,closed-fixed,359,https://github.com/dbunit/dbunit-extension/issues/359
bugs,221,2009-01-05 21:08:21,closed-invalid,360,https://github.com/dbunit/dbunit-extension/issues/360
bugs,222,2009-01-06 01:46:54,closed-fixed,361,https://github.com/dbunit/dbunit-extension/issues/361
bugs,223,2009-01-08 20:48:11,closed-fixed,362,https://github.com/dbunit/dbunit-extension/issues/362
bugs,224,2009-01-18 14:03:59,closed-fixed,363,https://github.com/dbunit/dbunit-extension/issues/363
feature-requests,114,2009-01-20 17:32:10,closed-fixed,364,https://github.com/dbunit/dbunit-extension/issues/364
bugs,225,2009-01-28 04:01:24,closed-fixed,365,https://github.com/dbunit/dbunit-extension/issues/365
bugs,226,2009-01-29 09:37:45,closed-fixed,366,https://github.com/dbunit/dbunit-extension/issues/366
feature-requests,115,2009-01-30 08:14:55,open,367,https://github.com/dbunit/dbunit-extension/issues/367
bugs,227,2009-01-30 17:18:19,closed-fixed,368,https://github.com/dbunit/dbunit-extension/issues/368
bugs,228,2009-02-03 14:14:48,closed,369,https://github.com/dbunit/dbunit-extension/issues/369
bugs,229,2009-02-05 10:17:33,closed-fixed,370,https://github.com/dbunit/dbunit-extension/issues/370
feature-requests,116,2009-02-11 05:02:34,open,371,https://github.com/dbunit/dbunit-extension/issues/371
bugs,230,2009-02-15 00:16:06,closed-invalid,372,https://github.com/dbunit/dbunit-extension/issues/372
bugs,231,2009-02-17 09:16:28,closed-duplicate,373,https://github.com/dbunit/dbunit-extension/issues/373
bugs,232,2009-02-19 14:21:50,closed-fixed,374,https://github.com/dbunit/dbunit-extension/issues/374
bugs,233,2009-02-19 15:35:07,closed,375,https://github.com/dbunit/dbunit-extension/issues/375
bugs,234,2009-02-23 11:07:15,closed-invalid,376,https://github.com/dbunit/dbunit-extension/issues/376
feature-requests,117,2009-02-24 15:02:24,closed-fixed,377,https://github.com/dbunit/dbunit-extension/issues/377
feature-requests,118,2009-02-27 15:36:31,closed-fixed,378,https://github.com/dbunit/dbunit-extension/issues/378
bugs,235,2009-03-03 17:18:25,closed-fixed,379,https://github.com/dbunit/dbunit-extension/issues/379
feature-requests,119,2009-03-03 17:33:28,closed-fixed,380,https://github.com/dbunit/dbunit-extension/issues/380
feature-requests,120,2009-03-03 21:31:25,open,381,https://github.com/dbunit/dbunit-extension/issues/381
bugs,236,2009-03-04 21:53:24,closed-invalid,382,https://github.com/dbunit/dbunit-extension/issues/382
bugs,237,2009-03-05 06:45:50,closed-invalid,383,https://github.com/dbunit/dbunit-extension/issues/383
bugs,238,2009-03-05 07:52:35,closed,384,https://github.com/dbunit/dbunit-extension/issues/384
feature-requests,121,2009-03-05 12:42:11,closed-duplicate,385,https://github.com/dbunit/dbunit-extension/issues/385
bugs,239,2009-03-11 22:23:17,closed-fixed,386,https://github.com/dbunit/dbunit-extension/issues/386
bugs,240,2009-03-12 20:46:02,closed-fixed,387,https://github.com/dbunit/dbunit-extension/issues/387
bugs,241,2009-03-24 13:32:02,closed-fixed,388,https://github.com/dbunit/dbunit-extension/issues/388
bugs,242,2009-04-07 15:57:21,closed-invalid,389,https://github.com/dbunit/dbunit-extension/issues/389
bugs,243,2009-04-17 12:41:23,closed,390,https://github.com/dbunit/dbunit-extension/issues/390
bugs,244,2009-04-23 11:03:51,closed-wont-fix,391,https://github.com/dbunit/dbunit-extension/issues/391
feature-requests,122,2009-04-29 10:15:05,closed-fixed,392,https://github.com/dbunit/dbunit-extension/issues/392
bugs,245,2009-04-29 16:41:03,closed-fixed,393,https://github.com/dbunit/dbunit-extension/issues/393
bugs,246,2009-05-28 02:48:09,closed-fixed,394,https://github.com/dbunit/dbunit-extension/issues/394
feature-requests,123,2009-05-28 11:16:22,open,395,https://github.com/dbunit/dbunit-extension/issues/395
bugs,247,2009-06-10 09:01:19,closed,396,https://github.com/dbunit/dbunit-extension/issues/396
bugs,248,2009-06-11 15:54:33,open,397,https://github.com/dbunit/dbunit-extension/issues/397
feature-requests,124,2009-06-13 21:28:29,closed-fixed,398,https://github.com/dbunit/dbunit-extension/issues/398
feature-requests,125,2009-06-24 15:14:08,open,399,https://github.com/dbunit/dbunit-extension/issues/399
bugs,249,2009-06-26 20:54:23,closed-fixed,400,https://github.com/dbunit/dbunit-extension/issues/400
bugs,250,2009-07-09 11:21:47,closed-fixed,401,https://github.com/dbunit/dbunit-extension/issues/401
bugs,251,2009-07-17 13:34:34,open,402,https://github.com/dbunit/dbunit-extension/issues/402
bugs,252,2009-07-17 16:04:25,closed-fixed,403,https://github.com/dbunit/dbunit-extension/issues/403
bugs,253,2009-07-20 08:21:53,closed-duplicate,404,https://github.com/dbunit/dbunit-extension/issues/404
feature-requests,126,2009-07-20 21:16:12,closed-fixed,405,https://github.com/dbunit/dbunit-extension/issues/405
feature-requests,127,2009-07-28 16:19:07,open,406,https://github.com/dbunit/dbunit-extension/issues/406
feature-requests,128,2009-07-29 08:45:44,closed-fixed,407,https://github.com/dbunit/dbunit-extension/issues/407
feature-requests,129,2009-07-31 20:14:03,closed-duplicate,408,https://github.com/dbunit/dbunit-extension/issues/408
bugs,254,2009-08-03 21:03:34,closed-fixed,409,https://github.com/dbunit/dbunit-extension/issues/409
bugs,255,2009-08-04 17:52:59,open,410,https://github.com/dbunit/dbunit-extension/issues/410
feature-requests,130,2009-08-06 21:24:05,open,411,https://github.com/dbunit/dbunit-extension/issues/411
feature-requests,131,2009-08-07 19:57:06,closed-fixed,412,https://github.com/dbunit/dbunit-extension/issues/412
bugs,256,2009-08-14 01:32:08,closed-invalid,413,https://github.com/dbunit/dbunit-extension/issues/413
bugs,257,2009-08-14 08:54:37,closed-wont-fix,414,https://github.com/dbunit/dbunit-extension/issues/414
feature-requests,132,2009-08-15 20:07:17,open,415,https://github.com/dbunit/dbunit-extension/issues/415
bugs,258,2009-08-17 11:56:10,closed-fixed,416,https://github.com/dbunit/dbunit-extension/issues/416
bugs,259,2009-08-17 17:04:23,open,417,https://github.com/dbunit/dbunit-extension/issues/417
feature-requests,133,2009-08-25 15:47:01,closed-accepted,418,https://github.com/dbunit/dbunit-extension/issues/418
feature-requests,134,2009-09-01 19:59:58,closed-fixed,419,https://github.com/dbunit/dbunit-extension/issues/419
feature-requests,135,2009-09-03 01:37:30,closed-rejected,420,https://github.com/dbunit/dbunit-extension/issues/420
bugs,260,2009-09-04 20:02:11,closed-invalid,421,https://github.com/dbunit/dbunit-extension/issues/421
feature-requests,136,2009-09-07 18:17:24,open,422,https://github.com/dbunit/dbunit-extension/issues/422
bugs,261,2009-09-08 23:48:16,closed-fixed,423,https://github.com/dbunit/dbunit-extension/issues/423
bugs,262,2009-09-10 23:23:25,closed-fixed,424,https://github.com/dbunit/dbunit-extension/issues/424
feature-requests,137,2009-09-11 22:48:25,closed-wont-fix,425,https://github.com/dbunit/dbunit-extension/issues/425
bugs,263,2009-09-14 07:08:40,closed-fixed,426,https://github.com/dbunit/dbunit-extension/issues/426
bugs,264,2009-09-16 22:36:07,open,427,https://github.com/dbunit/dbunit-extension/issues/427
bugs,265,2009-09-24 10:11:19,closed,428,https://github.com/dbunit/dbunit-extension/issues/428
bugs,266,2009-09-24 22:17:42,closed-fixed,429,https://github.com/dbunit/dbunit-extension/issues/429
feature-requests,138,2009-10-08 21:56:21,open,430,https://github.com/dbunit/dbunit-extension/issues/430
feature-requests,139,2009-10-08 23:24:40,closed-fixed,431,https://github.com/dbunit/dbunit-extension/issues/431
feature-requests,140,2009-10-08 23:44:58,closed-fixed,432,https://github.com/dbunit/dbunit-extension/issues/432
feature-requests,141,2009-10-09 00:04:06,closed-fixed,433,https://github.com/dbunit/dbunit-extension/issues/433
feature-requests,142,2009-10-12 07:32:18,closed-fixed,434,https://github.com/dbunit/dbunit-extension/issues/434
bugs,267,2009-10-15 20:23:02,closed-fixed,435,https://github.com/dbunit/dbunit-extension/issues/435
bugs,268,2009-10-19 21:40:07,closed-invalid,436,https://github.com/dbunit/dbunit-extension/issues/436
feature-requests,144,2009-10-23 10:55:35,closed-accepted,437,https://github.com/dbunit/dbunit-extension/issues/437
bugs,269,2009-10-26 20:23:44,closed-rejected,438,https://github.com/dbunit/dbunit-extension/issues/438
bugs,270,2009-10-27 12:14:14,closed-fixed,439,https://github.com/dbunit/dbunit-extension/issues/439
bugs,271,2009-10-30 22:59:04,closed-fixed,440,https://github.com/dbunit/dbunit-extension/issues/440
feature-requests,145,2009-11-04 13:48:22,open,441,https://github.com/dbunit/dbunit-extension/issues/441
feature-requests,147,2009-11-12 08:57:04,open,442,https://github.com/dbunit/dbunit-extension/issues/442
feature-requests,148,2009-11-30 13:47:14,closed-duplicate,443,https://github.com/dbunit/dbunit-extension/issues/443
bugs,272,2009-12-14 16:58:20,closed-accepted,444,https://github.com/dbunit/dbunit-extension/issues/444
bugs,273,2009-12-16 13:05:45,open,445,https://github.com/dbunit/dbunit-extension/issues/445
bugs,274,2009-12-22 16:05:45,closed-fixed,446,https://github.com/dbunit/dbunit-extension/issues/446
bugs,275,2009-12-25 14:50:13,closed-fixed,447,https://github.com/dbunit/dbunit-extension/issues/447
feature-requests,149,2009-12-25 16:53:41,closed-fixed,448,https://github.com/dbunit/dbunit-extension/issues/448
bugs,276,2009-12-29 13:52:46,open,449,https://github.com/dbunit/dbunit-extension/issues/449
feature-requests,150,2010-01-04 15:16:27,open,450,https://github.com/dbunit/dbunit-extension/issues/450
feature-requests,151,2010-01-23 16:53:20,closed-accepted,451,https://github.com/dbunit/dbunit-extension/issues/451
bugs,277,2010-01-27 13:00:48,open,452,https://github.com/dbunit/dbunit-extension/issues/452
feature-requests,152,2010-01-29 00:09:57,open,453,https://github.com/dbunit/dbunit-extension/issues/453
bugs,278,2010-02-01 13:52:19,open,454,https://github.com/dbunit/dbunit-extension/issues/454
feature-requests,153,2010-02-04 23:04:50,closed,455,https://github.com/dbunit/dbunit-extension/issues/455
bugs,279,2010-02-11 09:24:54,open,456,https://github.com/dbunit/dbunit-extension/issues/456
bugs,280,2010-02-28 20:52:24,closed-fixed,457,https://github.com/dbunit/dbunit-extension/issues/457
bugs,281,2010-03-03 16:10:30,open,458,https://github.com/dbunit/dbunit-extension/issues/458
feature-requests,154,2010-03-05 00:43:45,open,459,https://github.com/dbunit/dbunit-extension/issues/459
bugs,282,2010-03-09 08:47:58,open,460,https://github.com/dbunit/dbunit-extension/issues/460
feature-requests,155,2010-03-09 21:12:20,open,461,https://github.com/dbunit/dbunit-extension/issues/461
bugs,283,2010-03-11 20:02:24,open,462,https://github.com/dbunit/dbunit-extension/issues/462
bugs,284,2010-03-24 14:54:16,open,463,https://github.com/dbunit/dbunit-extension/issues/463
bugs,285,2010-03-30 14:09:56,open,464,https://github.com/dbunit/dbunit-extension/issues/464
feature-requests,156,2010-04-13 07:40:47,closed-fixed,465,https://github.com/dbunit/dbunit-extension/issues/465
bugs,286,2010-04-14 23:34:58,open,466,https://github.com/dbunit/dbunit-extension/issues/466
bugs,287,2010-04-28 17:19:57,closed-fixed,467,https://github.com/dbunit/dbunit-extension/issues/467
bugs,288,2010-04-28 18:18:58,closed,468,https://github.com/dbunit/dbunit-extension/issues/468
bugs,289,2010-04-29 06:57:05,closed-duplicate,469,https://github.com/dbunit/dbunit-extension/issues/469
bugs,290,2010-05-09 23:46:35,open,470,https://github.com/dbunit/dbunit-extension/issues/470
bugs,291,2010-05-21 08:11:27,open,471,https://github.com/dbunit/dbunit-extension/issues/471
bugs,292,2010-05-21 08:25:49,closed,472,https://github.com/dbunit/dbunit-extension/issues/472
bugs,293,2010-05-23 14:25:50,open,473,https://github.com/dbunit/dbunit-extension/issues/473
bugs,294,2010-06-04 12:21:40,open,474,https://github.com/dbunit/dbunit-extension/issues/474
bugs,295,2010-06-08 03:37:33,closed,475,https://github.com/dbunit/dbunit-extension/issues/475
bugs,296,2010-06-28 09:31:45,open-rejected,476,https://github.com/dbunit/dbunit-extension/issues/476
feature-requests,157,2010-07-08 09:38:29,open,477,https://github.com/dbunit/dbunit-extension/issues/477
bugs,297,2010-07-09 17:22:36,open-accepted,478,https://github.com/dbunit/dbunit-extension/issues/478
feature-requests,158,2010-07-14 06:52:25,open,479,https://github.com/dbunit/dbunit-extension/issues/479
bugs,298,2010-08-16 22:58:13,open,480,https://github.com/dbunit/dbunit-extension/issues/480
bugs,299,2010-08-18 13:26:17,open,481,https://github.com/dbunit/dbunit-extension/issues/481
feature-requests,159,2010-08-19 10:14:04,open,482,https://github.com/dbunit/dbunit-extension/issues/482
bugs,300,2010-08-20 14:29:18,open,483,https://github.com/dbunit/dbunit-extension/issues/483
bugs,301,2010-08-20 14:38:57,closed-out-of-date,484,https://github.com/dbunit/dbunit-extension/issues/484
feature-requests,160,2010-08-25 13:37:09,open,485,https://github.com/dbunit/dbunit-extension/issues/485
bugs,302,2010-09-16 09:57:16,open,486,https://github.com/dbunit/dbunit-extension/issues/486
bugs,303,2010-09-19 18:58:32,closed-wont-fix,487,https://github.com/dbunit/dbunit-extension/issues/487
bugs,304,2010-09-19 19:01:03,closed-accepted,488,https://github.com/dbunit/dbunit-extension/issues/488
bugs,305,2010-10-06 11:59:30,open,489,https://github.com/dbunit/dbunit-extension/issues/489
bugs,306,2010-10-07 07:51:45,closed-duplicate,490,https://github.com/dbunit/dbunit-extension/issues/490
bugs,307,2010-10-07 16:16:24,open,491,https://github.com/dbunit/dbunit-extension/issues/491
bugs,308,2010-11-10 12:42:12,open,492,https://github.com/dbunit/dbunit-extension/issues/492
bugs,309,2010-12-02 10:23:13,closed-fixed,493,https://github.com/dbunit/dbunit-extension/issues/493
bugs,310,2010-12-08 07:34:53,closed-fixed,494,https://github.com/dbunit/dbunit-extension/issues/494
bugs,311,2010-12-09 18:09:39,open,495,https://github.com/dbunit/dbunit-extension/issues/495
bugs,312,2010-12-17 16:02:23,open,496,https://github.com/dbunit/dbunit-extension/issues/496
feature-requests,161,2010-12-29 22:09:27,closed-accepted,497,https://github.com/dbunit/dbunit-extension/issues/497
bugs,313,2010-12-31 10:37:39,closed-accepted,498,https://github.com/dbunit/dbunit-extension/issues/498
feature-requests,162,2011-02-02 23:02:35,closed-accepted,499,https://github.com/dbunit/dbunit-extension/issues/499
feature-requests,163,2011-02-18 16:53:38,closed-rejected,500,https://github.com/dbunit/dbunit-extension/issues/500
bugs,314,2011-03-09 22:26:10,open,501,https://github.com/dbunit/dbunit-extension/issues/501
feature-requests,164,2011-03-23 09:44:02,closed-rejected,502,https://github.com/dbunit/dbunit-extension/issues/502
bugs,315,2011-04-06 16:32:41,closed-fixed,503,https://github.com/dbunit/dbunit-extension/issues/503
bugs,316,2011-04-22 00:58:00,open,504,https://github.com/dbunit/dbunit-extension/issues/504
bugs,317,2011-05-06 11:30:05,closed,505,https://github.com/dbunit/dbunit-extension/issues/505
bugs,318,2011-05-09 17:17:48,open,506,https://github.com/dbunit/dbunit-extension/issues/506
feature-requests,165,2011-05-10 09:46:49,open,507,https://github.com/dbunit/dbunit-extension/issues/507
feature-requests,166,2011-06-23 23:58:52,open,508,https://github.com/dbunit/dbunit-extension/issues/508
bugs,319,2011-07-08 15:08:39,closed-invalid,509,https://github.com/dbunit/dbunit-extension/issues/509
bugs,320,2011-07-26 10:53:26,closed-fixed,510,https://github.com/dbunit/dbunit-extension/issues/510
bugs,321,2011-08-16 08:52:58,open,511,https://github.com/dbunit/dbunit-extension/issues/511
feature-requests,167,2011-09-07 06:12:18,pending,512,https://github.com/dbunit/dbunit-extension/issues/512
bugs,322,2011-10-01 01:11:26,closed-fixed,513,https://github.com/dbunit/dbunit-extension/issues/513
bugs,323,2011-10-13 04:45:19,closed-invalid,514,https://github.com/dbunit/dbunit-extension/issues/514
feature-requests,168,2011-12-06 15:06:40,pending,515,https://github.com/dbunit/dbunit-extension/issues/515
bugs,324,2011-12-06 21:11:49,closed-duplicate,516,https://github.com/dbunit/dbunit-extension/issues/516
feature-requests,169,2012-01-10 17:04:28,pending,517,https://github.com/dbunit/dbunit-extension/issues/517
bugs,325,2012-01-25 10:17:23,closed-duplicate,518,https://github.com/dbunit/dbunit-extension/issues/518
feature-requests,170,2012-02-13 09:49:03,pending,519,https://github.com/dbunit/dbunit-extension/issues/519
feature-requests,171,2012-03-08 12:24:28,closed-accepted,520,https://github.com/dbunit/dbunit-extension/issues/520
bugs,326,2012-04-10 06:26:17,closed-duplicate,521,https://github.com/dbunit/dbunit-extension/issues/521
bugs,327,2012-06-05 11:26:14,pending,522,https://github.com/dbunit/dbunit-extension/issues/522
bugs,328,2012-07-11 13:47:18,pending-rejected,523,https://github.com/dbunit/dbunit-extension/issues/523
bugs,329,2012-07-19 12:32:59,closed-fixed,524,https://github.com/dbunit/dbunit-extension/issues/524
feature-requests,172,2012-07-19 22:15:20,closed-accepted,525,https://github.com/dbunit/dbunit-extension/issues/525
bugs,330,2012-08-04 15:15:38,closed-fixed,526,https://github.com/dbunit/dbunit-extension/issues/526
feature-requests,173,2012-09-03 12:13:43,closed-invalid,527,https://github.com/dbunit/dbunit-extension/issues/527
bugs,331,2012-09-17 10:10:15,closed-duplicate,528,https://github.com/dbunit/dbunit-extension/issues/528
feature-requests,174,2012-09-29 15:37:40,closed,529,https://github.com/dbunit/dbunit-extension/issues/529
feature-requests,175,2012-09-29 16:13:20,closed-out-of-date,530,https://github.com/dbunit/dbunit-extension/issues/530
bugs,332,2012-10-18 12:51:59,closed-duplicate,531,https://github.com/dbunit/dbunit-extension/issues/531
feature-requests,176,2012-10-20 20:56:58,closed-fixed,532,https://github.com/dbunit/dbunit-extension/issues/532
bugs,333,2012-10-30 12:03:06,pending,533,https://github.com/dbunit/dbunit-extension/issues/533
bugs,334,2012-10-31 09:52:03,pending,534,https://github.com/dbunit/dbunit-extension/issues/534
bugs,335,2012-11-15 16:22:18,closed-fixed,535,https://github.com/dbunit/dbunit-extension/issues/535
bugs,336,2012-11-29 22:22:05,closed-duplicate,536,https://github.com/dbunit/dbunit-extension/issues/536
bugs,337,2012-12-03 16:38:17,closed-invalid,537,https://github.com/dbunit/dbunit-extension/issues/537
feature-requests,177,2012-12-04 06:32:17,open,538,https://github.com/dbunit/dbunit-extension/issues/538
bugs,338,2012-12-19 22:30:35,pending,539,https://github.com/dbunit/dbunit-extension/issues/539
feature-requests,183,2012-12-28 14:57:54,closed-duplicate,540,https://github.com/dbunit/dbunit-extension/issues/540
bugs,340,2013-01-08 10:11:34.474000,closed-accepted,541,https://github.com/dbunit/dbunit-extension/issues/541
bugs,341,2013-01-08 21:11:47.991000,pending,542,https://github.com/dbunit/dbunit-extension/issues/542
bugs,342,2013-02-07 15:49:50.725000,pending,543,https://github.com/dbunit/dbunit-extension/issues/543
bugs,343,2013-02-12 13:28:13.173000,closed-fixed,544,https://github.com/dbunit/dbunit-extension/issues/544
bugs,344,2013-02-12 13:34:16.759000,closed-works-for-me,545,https://github.com/dbunit/dbunit-extension/issues/545
feature-requests,178,2013-06-19 13:47:38.878000,closed-accepted,546,https://github.com/dbunit/dbunit-extension/issues/546
bugs,345,2013-07-18 14:06:57.148000,closed-duplicate,547,https://github.com/dbunit/dbunit-extension/issues/547
bugs,346,2013-08-30 10:18:11.033000,pending,548,https://github.com/dbunit/dbunit-extension/issues/548
feature-requests,182,2013-09-20 05:32:09.850000,open,549,https://github.com/dbunit/dbunit-extension/issues/549
feature-requests,179,2013-09-23 13:36:51.695000,closed-accepted,550,https://github.com/dbunit/dbunit-extension/issues/550
feature-requests,180,2013-10-12 18:54:55.229000,pending,551,https://github.com/dbunit/dbunit-extension/issues/551
bugs,348,2013-10-17 08:03:46.557000,closed-fixed,552,https://github.com/dbunit/dbunit-extension/issues/552
bugs,349,2013-12-29 18:10:08.669000,closed-accepted,553,https://github.com/dbunit/dbunit-extension/issues/553
feature-requests,181,2014-01-16 11:14:10.447000,closed-accepted,554,https://github.com/dbunit/dbunit-extension/issues/554
bugs,350,2014-03-17 15:32:33.415000,closed-duplicate,555,https://github.com/dbunit/dbunit-extension/issues/555
bugs,351,2014-03-17 15:37:53.387000,closed-invalid,556,https://github.com/dbunit/dbunit-extension/issues/556
bugs,352,2014-04-20 15:35:47.827000,closed-fixed,557,https://github.com/dbunit/dbunit-extension/issues/557
bugs,353,2014-04-22 15:14:25.487000,pending,558,https://github.com/dbunit/dbunit-extension/issues/558
feature-requests,184,2014-04-23 12:59:12.107000,closed-accepted,559,https://github.com/dbunit/dbunit-extension/issues/559
bugs,355,2014-05-21 18:22:36.393000,closed-fixed,560,https://github.com/dbunit/dbunit-extension/issues/560
bugs,363,2014-06-11 21:41:16.630000,closed-fixed,561,https://github.com/dbunit/dbunit-extension/issues/561
feature-requests,185,2014-07-21 15:26:00.603000,closed-fixed,562,https://github.com/dbunit/dbunit-extension/issues/562
bugs,357,2014-08-04 01:21:14.067000,open-accepted,563,https://github.com/dbunit/dbunit-extension/issues/563
bugs,358,2014-08-22 09:44:09.893000,closed-invalid,564,https://github.com/dbunit/dbunit-extension/issues/564
bugs,359,2014-09-17 07:49:50.763000,pending,565,https://github.com/dbunit/dbunit-extension/issues/565
bugs,360,2014-09-19 08:15:44.141000,closed-fixed,566,https://github.com/dbunit/dbunit-extension/issues/566
bugs,361,2014-10-29 11:31:51.169000,closed-fixed,567,https://github.com/dbunit/dbunit-extension/issues/567
bugs,362,2014-11-01 21:21:48.100000,closed-invalid,568,https://github.com/dbunit/dbunit-extension/issues/568
bugs,364,2015-01-08 04:09:33.916000,closed-fixed,569,https://github.com/dbunit/dbunit-extension/issues/569
bugs,365,2015-01-09 19:28:53.209000,pending,570,https://github.com/dbunit/dbunit-extension/issues/570
feature-requests,187,2015-03-19 11:29:33.554000,closed-fixed,571,https://github.com/dbunit/dbunit-extension/issues/571
bugs,367,2015-04-12 14:11:11.196000,closed-fixed,572,https://github.com/dbunit/dbunit-extension/issues/572
bugs,368,2015-04-20 14:25:59.554000,closed-fixed,573,https://github.com/dbunit/dbunit-extension/issues/573
feature-requests,188,2015-04-21 13:50:11.692000,pending,574,https://github.com/dbunit/dbunit-extension/issues/574
bugs,369,2015-05-13 05:39:54.117000,pending,575,https://github.com/dbunit/dbunit-extension/issues/575
bugs,370,2015-07-04 12:34:33.746000,closed-invalid,576,https://github.com/dbunit/dbunit-extension/issues/576
feature-requests,189,2015-07-29 10:18:56.689000,closed-accepted,577,https://github.com/dbunit/dbunit-extension/issues/577
feature-requests,190,2015-08-07 07:54:37.011000,pending,578,https://github.com/dbunit/dbunit-extension/issues/578
bugs,371,2015-08-22 04:52:33.509000,closed-accepted,579,https://github.com/dbunit/dbunit-extension/issues/579
bugs,372,2015-09-08 17:31:20.513000,pending,580,https://github.com/dbunit/dbunit-extension/issues/580
bugs,373,2015-10-01 08:16:02.937000,pending,581,https://github.com/dbunit/dbunit-extension/issues/581
bugs,374,2015-10-13 15:22:49.076000,closed-accepted,582,https://github.com/dbunit/dbunit-extension/issues/582
bugs,375,2015-10-27 09:11:08.830000,open,583,https://github.com/dbunit/dbunit-extension/issues/583
feature-requests,191,2015-10-28 13:49:13.787000,pending,584,https://github.com/dbunit/dbunit-extension/issues/584
bugs,376,2015-11-12 15:46:59.210000,closed-invalid,585,https://github.com/dbunit/dbunit-extension/issues/585
bugs,377,2015-11-25 07:13:39.189000,closed-fixed,586,https://github.com/dbunit/dbunit-extension/issues/586
bugs,378,2015-11-30 12:30:10.877000,closed-fixed,587,https://github.com/dbunit/dbunit-extension/issues/587
bugs,379,2015-12-11 13:00:24.981000,closed-invalid,588,https://github.com/dbunit/dbunit-extension/issues/588
bugs,380,2016-02-12 21:25:05.651000,closed-fixed,589,https://github.com/dbunit/dbunit-extension/issues/589
bugs,381,2016-02-18 19:56:07.591000,pending,590,https://github.com/dbunit/dbunit-extension/issues/590
bugs,382,2016-04-12 07:53:50.751000,closed-rejected,591,https://github.com/dbunit/dbunit-extension/issues/591
bugs,383,2016-04-16 12:53:50.988000,closed-fixed,592,https://github.com/dbunit/dbunit-extension/issues/592
bugs,384,2016-04-18 14:42:25.884000,closed-invalid,593,https://github.com/dbunit/dbunit-extension/issues/593
bugs,385,2016-04-26 22:34:24.533000,closed-invalid,594,https://github.com/dbunit/dbunit-extension/issues/594
feature-requests,192,2016-05-10 10:15:12.820000,closed-invalid,595,https://github.com/dbunit/dbunit-extension/issues/595
feature-requests,193,2016-05-27 08:31:10.950000,pending,596,https://github.com/dbunit/dbunit-extension/issues/596
bugs,386,2016-05-29 16:50:09.481000,closed-fixed,597,https://github.com/dbunit/dbunit-extension/issues/597
bugs,387,2016-05-29 19:08:45.107000,closed-fixed,598,https://github.com/dbunit/dbunit-extension/issues/598
bugs,388,2016-05-30 00:49:09.206000,closed-fixed,599,https://github.com/dbunit/dbunit-extension/issues/599
feature-requests,194,2016-06-05 16:07:55.010000,open,600,https://github.com/dbunit/dbunit-extension/issues/600
feature-requests,195,2016-06-05 16:10:57.860000,closed-fixed,601,https://github.com/dbunit/dbunit-extension/issues/601
bugs,389,2016-06-05 16:17:44.279000,closed-fixed,602,https://github.com/dbunit/dbunit-extension/issues/602
bugs,390,2016-06-05 16:37:29.268000,pending,603,https://github.com/dbunit/dbunit-extension/issues/603
bugs,391,2016-06-05 16:44:46.268000,pending,604,https://github.com/dbunit/dbunit-extension/issues/604
bugs,392,2016-06-05 16:50:29.760000,pending,605,https://github.com/dbunit/dbunit-extension/issues/605
bugs,393,2016-07-04 13:23:20.924000,pending,606,https://github.com/dbunit/dbunit-extension/issues/606
bugs,394,2016-11-26 17:15:10.355000,open-accepted,607,https://github.com/dbunit/dbunit-extension/issues/607
bugs,395,2016-11-26 17:19:43.865000,closed-fixed,608,https://github.com/dbunit/dbunit-extension/issues/608
bugs,396,2016-11-27 19:47:47.355000,closed-fixed,609,https://github.com/dbunit/dbunit-extension/issues/609
bugs,397,2017-01-19 09:24:33.018000,closed-fixed,610,https://github.com/dbunit/dbunit-extension/issues/610
bugs,398,2017-01-26 17:56:24.517000,pending,611,https://github.com/dbunit/dbunit-extension/issues/611
feature-requests,196,2017-02-13 21:57:41.004000,closed-accepted,612,https://github.com/dbunit/dbunit-extension/issues/612
bugs,399,2017-03-24 02:26:02.539000,closed-duplicate,613,https://github.com/dbunit/dbunit-extension/issues/613
feature-requests,197,2017-04-28 15:44:45.556000,pending,614,https://github.com/dbunit/dbunit-extension/issues/614
feature-requests,198,2017-05-29 19:09:29.620000,closed-fixed,615,https://github.com/dbunit/dbunit-extension/issues/615
bugs,400,2017-06-08 08:13:22.354000,closed-fixed,616,https://github.com/dbunit/dbunit-extension/issues/616
bugs,401,2017-06-22 20:00:07.062000,open-accepted,617,https://github.com/dbunit/dbunit-extension/issues/617
feature-requests,199,2017-07-07 01:37:54.053000,closed-fixed,618,https://github.com/dbunit/dbunit-extension/issues/618
feature-requests,200,2017-07-08 12:01:44.214000,closed-fixed,619,https://github.com/dbunit/dbunit-extension/issues/619
feature-requests,201,2017-07-20 07:12:12.265000,pending,620,https://github.com/dbunit/dbunit-extension/issues/620
feature-requests,202,2017-07-21 04:00:33.114000,open,621,https://github.com/dbunit/dbunit-extension/issues/621
feature-requests,203,2017-07-23 14:41:00.349000,open,622,https://github.com/dbunit/dbunit-extension/issues/622
feature-requests,205,2017-08-04 15:57:19.199000,closed-accepted,623,https://github.com/dbunit/dbunit-extension/issues/623
feature-requests,204,2017-09-20 07:48:27.675000,pending,624,https://github.com/dbunit/dbunit-extension/issues/624
feature-requests,206,2017-10-03 06:29:51.609000,closed,625,https://github.com/dbunit/dbunit-extension/issues/625
feature-requests,207,2017-10-16 19:05:20.504000,closed-fixed,626,https://github.com/dbunit/dbunit-extension/issues/626
feature-requests,208,2017-10-18 17:04:47.015000,closed-accepted,627,https://github.com/dbunit/dbunit-extension/issues/627
bugs,405,2017-11-01 11:39:14.649000,pending,628,https://github.com/dbunit/dbunit-extension/issues/628
feature-requests,209,2017-11-16 14:14:33.094000,closed-fixed,629,https://github.com/dbunit/dbunit-extension/issues/629
bugs,406,2017-11-30 00:28:46.509000,closed-fixed,630,https://github.com/dbunit/dbunit-extension/issues/630
bugs,407,2017-12-01 21:42:21.139000,closed-fixed,631,https://github.com/dbunit/dbunit-extension/issues/631
bugs,408,2017-12-03 20:44:39.356000,closed-fixed,632,https://github.com/dbunit/dbunit-extension/issues/632
bugs,409,2017-12-03 20:45:38.845000,closed-fixed,633,https://github.com/dbunit/dbunit-extension/issues/633
bugs,410,2017-12-03 20:46:12.517000,closed-fixed,634,https://github.com/dbunit/dbunit-extension/issues/634
bugs,411,2017-12-03 20:46:46.059000,open,635,https://github.com/dbunit/dbunit-extension/issues/635
feature-requests,210,2017-12-03 20:55:23.836000,open,636,https://github.com/dbunit/dbunit-extension/issues/636
feature-requests,211,2017-12-04 02:31:44.763000,closed,637,https://github.com/dbunit/dbunit-extension/issues/637
feature-requests,212,2017-12-10 02:15:23.333000,closed-rejected,638,https://github.com/dbunit/dbunit-extension/issues/638
bugs,412,2017-12-10 02:45:48.997000,open-accepted,639,https://github.com/dbunit/dbunit-extension/issues/639
feature-requests,213,2017-12-10 03:03:53.425000,closed,640,https://github.com/dbunit/dbunit-extension/issues/640
feature-requests,214,2017-12-22 08:52:25.552000,closed-fixed,641,https://github.com/dbunit/dbunit-extension/issues/641
bugs,413,2017-12-22 08:54:14.553000,open,642,https://github.com/dbunit/dbunit-extension/issues/642
feature-requests,215,2017-12-22 09:20:56.286000,closed-accepted,643,https://github.com/dbunit/dbunit-extension/issues/643
feature-requests,216,2017-12-22 09:42:32.459000,open,644,https://github.com/dbunit/dbunit-extension/issues/644
feature-requests,217,2017-12-22 09:46:31.960000,closed-accepted,645,https://github.com/dbunit/dbunit-extension/issues/645
bugs,414,2018-01-18 10:39:37.299000,pending,646,https://github.com/dbunit/dbunit-extension/issues/646
feature-requests,218,2018-04-05 23:17:09.814000,closed-rejected,647,https://github.com/dbunit/dbunit-extension/issues/647
feature-requests,219,2018-04-21 21:00:25.369000,closed-fixed,648,https://github.com/dbunit/dbunit-extension/issues/648
feature-requests,220,2018-08-19 03:32:31.033000,closed-fixed,649,https://github.com/dbunit/dbunit-extension/issues/649
bugs,415,2018-09-03 10:00:26.733000,pending,650,https://github.com/dbunit/dbunit-extension/issues/650
bugs,416,2018-10-29 04:51:13.051000,closed-fixed,651,https://github.com/dbunit/dbunit-extension/issues/651
bugs,417,2018-11-21 17:34:29.278000,closed-fixed,652,https://github.com/dbunit/dbunit-extension/issues/652
bugs,418,2018-12-12 15:58:22.278000,closed-invalid,653,https://github.com/dbunit/dbunit-extension/issues/653
feature-requests,221,2019-01-08 14:34:59.894000,closed-fixed,654,https://github.com/dbunit/dbunit-extension/issues/654
bugs,420,2019-01-14 15:27:55.572000,pending,655,https://github.com/dbunit/dbunit-extension/issues/655
bugs,421,2019-01-30 14:19:49.651000,pending,656,https://github.com/dbunit/dbunit-extension/issues/656
bugs,422,2019-01-31 13:06:22.383000,pending,657,https://github.com/dbunit/dbunit-extension/issues/657
bugs,423,2019-02-08 21:52:58.279000,closed-fixed,658,https://github.com/dbunit/dbunit-extension/issues/658
feature-requests,222,2019-02-28 04:23:37.043000,closed,659,https://github.com/dbunit/dbunit-extension/issues/659
bugs,424,2019-02-28 22:01:56.835000,closed-fixed,660,https://github.com/dbunit/dbunit-extension/issues/660
feature-requests,224,2019-03-04 14:14:12.235000,closed-accepted,661,https://github.com/dbunit/dbunit-extension/issues/661
feature-requests,225,2019-03-15 10:28:08.013000,pending,662,https://github.com/dbunit/dbunit-extension/issues/662
feature-requests,226,2019-03-17 14:01:54.465000,open,663,https://github.com/dbunit/dbunit-extension/issues/663
feature-requests,227,2019-03-20 19:08:00.918000,closed-accepted,664,https://github.com/dbunit/dbunit-extension/issues/664
bugs,426,2019-03-22 11:20:39.004000,closed-fixed,665,https://github.com/dbunit/dbunit-extension/issues/665
bugs,427,2019-03-22 13:03:25.664000,closed-fixed,666,https://github.com/dbunit/dbunit-extension/issues/666
bugs,428,2019-03-22 13:08:10.043000,closed-fixed,667,https://github.com/dbunit/dbunit-extension/issues/667
feature-requests,228,2019-04-03 22:27:56.264000,closed-accepted,668,https://github.com/dbunit/dbunit-extension/issues/668
feature-requests,229,2019-04-04 04:16:30.953000,closed-accepted,669,https://github.com/dbunit/dbunit-extension/issues/669
feature-requests,230,2019-04-08 13:16:34.694000,pending,670,https://github.com/dbunit/dbunit-extension/issues/670
feature-requests,231,2019-04-11 09:36:12.367000,closed-accepted,671,https://github.com/dbunit/dbunit-extension/issues/671
bugs,430,2019-04-11 12:56:05.283000,pending,672,https://github.com/dbunit/dbunit-extension/issues/672
bugs,431,2019-04-18 03:45:54.141000,closed-fixed,673,https://github.com/dbunit/dbunit-extension/issues/673
bugs,432,2019-04-24 11:02:07.096000,pending,674,https://github.com/dbunit/dbunit-extension/issues/674
feature-requests,232,2019-04-30 18:53:50.730000,pending,675,https://github.com/dbunit/dbunit-extension/issues/675
feature-requests,233,2019-07-04 09:56:19.841000,open,676,https://github.com/dbunit/dbunit-extension/issues/676
bugs,433,2019-07-11 18:42:40.269000,pending,677,https://github.com/dbunit/dbunit-extension/issues/677
feature-requests,234,2019-07-22 20:49:35.014000,closed-out-of-date,678,https://github.com/dbunit/dbunit-extension/issues/678
feature-requests,235,2019-07-22 20:50:15.313000,closed-accepted,679,https://github.com/dbunit/dbunit-extension/issues/679
feature-requests,236,2019-07-22 20:51:05.573000,closed-accepted,680,https://github.com/dbunit/dbunit-extension/issues/680
feature-requests,237,2019-07-22 20:52:20.528000,closed-accepted,681,https://github.com/dbunit/dbunit-extension/issues/681
feature-requests,238,2019-07-22 20:52:54.427000,closed-accepted,682,https://github.com/dbunit/dbunit-extension/issues/682
feature-requests,239,2019-07-22 20:53:26.086000,closed-accepted,683,https://github.com/dbunit/dbunit-extension/issues/683
feature-requests,240,2019-07-22 20:54:12.313000,closed-accepted,684,https://github.com/dbunit/dbunit-extension/issues/684
feature-requests,247,2019-09-18 13:31:34.266000,closed-duplicate,685,https://github.com/dbunit/dbunit-extension/issues/685
feature-requests,242,2019-10-01 13:26:24.828000,open,686,https://github.com/dbunit/dbunit-extension/issues/686
feature-requests,243,2020-02-17 18:21:51.100000,closed-fixed,687,https://github.com/dbunit/dbunit-extension/issues/687
feature-requests,244,2020-02-19 13:25:11.575000,closed-fixed,688,https://github.com/dbunit/dbunit-extension/issues/688
feature-requests,246,2020-02-22 04:08:47.141000,closed-fixed,689,https://github.com/dbunit/dbunit-extension/issues/689
feature-requests,248,2020-02-29 03:29:51.970000,closed-accepted,690,https://github.com/dbunit/dbunit-extension/issues/690
feature-requests,249,2020-05-13 12:47:23.323000,closed-fixed,691,https://github.com/dbunit/dbunit-extension/issues/691
bugs,436,2020-07-17 15:29:58.114000,closed-fixed,692,https://github.com/dbunit/dbunit-extension/issues/692
bugs,437,2021-01-11 14:03:12.547000,pending,693,https://github.com/dbunit/dbunit-extension/issues/693
bugs,438,2021-03-30 15:31:14.006000,closed-fixed,694,https://github.com/dbunit/dbunit-extension/issues/694
bugs,439,2021-04-18 15:40:06.775000,closed-fixed,695,https://github.com/dbunit/dbunit-extension/issues/695
bugs,440,2021-07-20 22:37:36.816000,closed-fixed,696,https://github.com/dbunit/dbunit-extension/issues/696
bugs,441,2021-07-27 02:10:23.048000,closed-fixed,697,https://github.com/dbunit/dbunit-extension/issues/697
bugs,442,2021-07-27 02:17:24.863000,closed-fixed,698,https://github.com/dbunit/dbunit-extension/issues/698
feature-requests,250,2021-08-07 02:29:23.531000,closed-accepted,699,https://github.com/dbunit/dbunit-extension/issues/699
feature-requests,251,2021-12-22 09:18:08.031000,closed-accepted,700,https://github.com/dbunit/dbunit-extension/issues/700
bugs,443,2022-05-03 20:23:01.524000,closed-fixed,701,https://github.com/dbunit/dbunit-extension/issues/701
bugs,444,2022-05-13 08:57:17.582000,closed-fixed,702,https://github.com/dbunit/dbunit-extension/issues/702
bugs,445,2022-05-13 09:41:26.123000,closed-fixed,703,https://github.com/dbunit/dbunit-extension/issues/703
bugs,446,2022-08-05 12:58:00.483000,open-fixed,704,https://github.com/dbunit/dbunit-extension/issues/704
bugs,447,2022-11-24 11:08:31.145000,open-accepted,705,https://github.com/dbunit/dbunit-extension/issues/705
feature-requests,252,2022-12-22 16:13:04.316000,pending,706,https://github.com/dbunit/dbunit-extension/issues/706
feature-requests,253,2023-01-17 16:07:10.651000,open,707,https://github.com/dbunit/dbunit-extension/issues/707
bugs,448,2023-06-08 11:19:51.755000,open,708,https://github.com/dbunit/dbunit-extension/issues/708
feature-requests,254,2023-08-14 08:46:41.588000,open,709,https://github.com/dbunit/dbunit-extension/issues/709
feature-requests,255,2024-01-29 20:52:32.639000,pending,710,https://github.com/dbunit/dbunit-extension/issues/710
bugs,449,2024-08-03 10:39:03.089000,pending,711,https://github.com/dbunit/dbunit-extension/issues/711
feature-requests,256,2024-09-22 17:17:44.778000,closed-fixed,712,https://github.com/dbunit/dbunit-extension/issues/712
feature-requests,257,2024-09-23 15:32:39.670000,open-accepted,713,https://github.com/dbunit/dbunit-extension/issues/713
bugs,451,2024-12-28 18:32:42.723000,closed-fixed,714,https://github.com/dbunit/dbunit-extension/issues/714
feature-requests,258,2025-01-08 02:46:55.925000,closed-accepted,715,https://github.com/dbunit/dbunit-extension/issues/715
feature-requests,259,2025-01-15 01:55:09.918000,closed-fixed,716,https://github.com/dbunit/dbunit-extension/issues/716
feature-requests,260,2025-02-16 19:41:08.326000,closed-fixed,717,https://github.com/dbunit/dbunit-extension/issues/717
feature-requests,261,2025-03-02 23:02:11.763000,closed-fixed,718,https://github.com/dbunit/dbunit-extension/issues/718
bugs,452,2025-08-04 07:25:45.379000,pending,719,https://github.com/dbunit/dbunit-extension/issues/719
feature-requests,262,2025-09-14 16:59:29.295000,closed-fixed,720,https://github.com/dbunit/dbunit-extension/issues/720
feature-requests,263,2025-09-21 13:56:10.014000,closed-fixed,721,https://github.com/dbunit/dbunit-extension/issues/721
bugs,453,2025-10-02 16:01:32.213000,closed-invalid,722,https://github.com/dbunit/dbunit-extension/issues/722
feature-requests,264,2026-05-02 15:33:37.801000,closed-accepted,723,https://github.com/dbunit/dbunit-extension/issues/723
feature-requests,265,2026-05-02 15:42:30.177000,closed-accepted,724,https://github.com/dbunit/dbunit-extension/issues/724
feature-requests,266,2026-05-06 03:18:39.958000,closed-accepted,725,https://github.com/dbunit/dbunit-extension/issues/725
